[{"nick": "ss", "jmeno": "ss", "prijmeni": "ss", "trida": "ss", "je_plavec": "1", "kanoe_kamarad": ""}, {"nick": "thggh", "jmeno": "vc", "prijmeni": "vc", "trida": "vcv", "je_plavec": "1", "kanoe_kamarad": "cvcv"}, {"nick": "da", "jmeno": "da", "prijmeni": "da", "trida": "da", "je_plavec": "1", "kanoe_kamarad": ""}, {"nick": "vxcv", "jmeno": "vxcv", "prijmeni": "cxv", "trida": "c", "je_plavec": "1", "kanoe_kamarad": ""}, {"nick": "Ahoj", "jmeno": "ahoj", "prijmeni": "ahoj", "trida": "ahoj", "je_plavec": "1", "kanoe_kamarad": ""}, {"nick": "david", "jmeno": "david", "prijmeni": "david", "trida": "C4c", "je_plavec": "1", "kanoe_kamarad": ""}, {"nick": "oo", "jmeno": "oo", "prijmeni": "oo", "trida": "oo", "je_plavec": "1", "kanoe_kamarad": ""}, {"nick": "ll", "jmeno": "ll", "prijmeni": "ll", "trida": "ll", "je_plavec": "1", "kanoe_kamarad": ""}, {"nick": "Dezy", "jmeno": "Dezy", "prijmeni": "lol", "trida": "op", "je_plavec": "1", "kanoe_kamarad": ""}, {"nick": "et", "jmeno": "fd", "prijmeni": "gfd", "trida": "ggdff", "je_plavec": "1", "kanoe_kamarad": ""}, {"nick": "dd", "jmeno": "dd", "prijmeni": "dd", "trida": "d", "je_plavec": "1", "kanoe_kamarad": ""}, {"nick": "opopop", "jmeno": "popoopop", "prijmeni": "popop", "trida": "oo", "je_plavec": "1", "kanoe_kamarad": ""}, {"nick": "hh", "jmeno": "hh", "prijmeni": "hh", "trida": "hh", "je_plavec": "1", "kanoe_kamarad": ""}, {"nick": "ww", "jmeno": "ww", "prijmeni": "ww", "trida": "ww", "je_plavec": "1", "kanoe_kamarad": "ww"}, {"nick": "ff", "jmeno": "ff", "prijmeni": "ww", "trida": "ww", "je_plavec": "1", "kanoe_kamarad": ""}, {"nick": "sa", "jmeno": "sa", "prijmeni": "sa", "trida": "sa", "je_plavec": "1", "kanoe_kamarad": ""}, {"nick": "sd", "jmeno": "sd", "prijmeni": "sd", "trida": "sd", "je_plavec": "1", "kanoe_kamarad": ""}, {"nick": "sx", "jmeno": "sx", "prijmeni": "sx", "trida": "sx", "je_plavec": "1", "kanoe_kamarad": ""}, {"nick": "sc", "jmeno": "sc", "prijmeni": "sc", "trida": "sc", "je_plavec": "1", "kanoe_kamarad": ""}, {"nick": "sf", "jmeno": "sf", "prijmeni": "sf", "trida": "sf", "je_plavec": "1", "kanoe_kamarad": ""}, {"nick": "pl", "jmeno": "pl", "prijmeni": "pl", "trida": "plp", "je_plavec": "1", "kanoe_kamarad": ""}, {"nick": "oi", "jmeno": "oi", "prijmeni": "oi", "trida": "oi", "je_plavec": "1", "kanoe_kamarad": ""}, {"nick": "bohn", "jmeno": "olp", "prijmeni": "ju", "trida": "1", "je_plavec": "1", "kanoe_kamarad": ""}, {"nick": "ju", "jmeno": "asdfas", "prijmeni": "sadfas", "trida": "sadas", "je_plavec": "1", "kanoe_kamarad": ""}, {"nick": "vb", "jmeno": "vcb", "prijmeni": "cvbcvbcvbcvbcb", "trida": "s", "je_plavec": "1", "kanoe_kamarad": "bvbc"}, {"nick": "NenavidimBackend", "jmeno": "Vojta", "prijmeni": "Kaupa", "trida": "C4c", "je_plavec": "1", "kanoe_kamarad": ""}, {"nick": "JindrichZdenek", "jmeno": "Jindrich", "prijmeni": "Zdenek", "trida": "E4", "je_plavec": "1", "kanoe_kamarad": "AntoninVobecky"}, {"nick": "dav", "jmeno": "da", "prijmeni": "da", "trida": "da", "je_plavec": "1", "kanoe_kamarad": ""}, {"nick": "kamil", "jmeno": "kamil", "prijmeni": "kamil", "trida": "kamil", "je_plavec": "1", "kanoe_kamarad": ""}, {"nick": "kama", "jmeno": "kamil", "prijmeni": "kamil", "trida": "kamil", "je_plavec": "1", "kanoe_kamarad": ""}]